step	train_loss
49	0.07794148474931717
99	0.03614363819360733
149	0.05419067293405533
199	0.030283719301223755
249	0.047008901834487915
299	0.025156240910291672
349	0.04720085859298706
399	0.020465148612856865
449	0.04338868707418442
499	0.016606103628873825
