step	loss
49	0.07166985422372818
99	0.03768576309084892
149	0.08260305225849152
199	0.06136731058359146
249	0.04928234592080116
299	0.02873743325471878
349	0.07802744954824448
399	0.05997724086046219
449	0.04195709154009819
499	0.02285624109208584
549	0.07210562378168106
599	0.05788369104266167
649	0.037158675491809845
699	0.01998462714254856
749	0.06353876739740372
799	0.057071659713983536
849	0.03270376846194267
899	0.018758457154035568
949	0.06106945872306824
999	0.0564877949655056
