step	loss
49	0.07751625031232834
99	0.038796938955783844
149	0.08164006471633911
199	0.061728090047836304
249	0.0474826917052269
299	0.029707446694374084
349	0.07093525677919388
399	0.05807963013648987
449	0.046926625072956085
499	0.02025587484240532
549	0.06645806133747101
599	0.05703432112932205
649	0.04769781231880188
699	0.017746884375810623
749	0.060670409351587296
799	0.05703751742839813
849	0.04381866008043289
899	0.015942344442009926
949	0.05995593219995499
999	0.05600892752408981
