step	loss
49	0.07851636409759521
99	0.03909144550561905
149	0.08127418160438538
199	0.06112949177622795
249	0.042444657534360886
299	0.020646674558520317
349	0.06207246705889702
399	0.0597744919359684
449	0.0403384231030941
499	0.02055501937866211
549	0.046842802315950394
599	0.05876162648200989
649	0.040887653827667236
699	0.02053186111152172
749	0.041629858314991
799	0.057687439024448395
849	0.038944169878959656
899	0.02038264274597168
949	0.04280715063214302
999	0.05616318807005882
