step	loss
49	0.07307781279087067
99	0.039008937776088715
149	0.08378614485263824
199	0.06036064401268959
249	0.05132688209414482
299	0.02861073613166809
349	0.08103828132152557
399	0.06042002514004707
449	0.04976049065589905
499	0.024088269099593163
549	0.07663477957248688
599	0.05892671272158623
649	0.04671293497085571
699	0.020238865166902542
749	0.07514520734548569
799	0.05929435044527054
849	0.043597083538770676
899	0.016689473763108253
949	0.07313409447669983
999	0.058970388025045395
