step	loss
49	0.09652609378099442
99	0.04141009971499443
149	0.08509941399097443
199	0.06179540976881981
249	0.05579064413905144
299	0.035033050924539566
349	0.08061464130878448
399	0.06165795773267746
449	0.05403747037053108
499	0.026764947921037674
549	0.07005301117897034
599	0.06155988574028015
649	0.048524193465709686
699	0.023410741239786148
749	0.0636124461889267
799	0.06290460377931595
849	0.045341718941926956
899	0.022204091772437096
949	0.06059429049491882
999	0.062151115387678146
