step	loss
49	0.07373840361833572
99	0.03799547627568245
149	0.08149068057537079
199	0.06002933159470558
249	0.04863786697387695
299	0.025397052988409996
349	0.0596780925989151
399	0.056768931448459625
449	0.036882881075143814
499	0.02030937559902668
549	0.04724324122071266
599	0.05655769258737564
649	0.034346919506788254
699	0.0195347610861063
749	0.047981146723032
799	0.05555170774459839
849	0.03563154116272926
899	0.018073299899697304
949	0.04482024908065796
999	0.05577225983142853
