step	loss
49	0.05872955173254013
99	0.03914102539420128
149	0.07893835008144379
199	0.06166045367717743
249	0.045287858694791794
299	0.029634229838848114
349	0.06652355939149857
399	0.06084326282143593
449	0.044022999703884125
499	0.024571890011429787
549	0.06345761567354202
599	0.06099864840507507
649	0.043528083711862564
699	0.02245037816464901
749	0.05778462439775467
799	0.06104448437690735
849	0.03903203457593918
899	0.021147308871150017
949	0.054177917540073395
999	0.06059793382883072
